SCNUM,Duration,Scenario,NECN,SCRPPLE,Harvest,MH,Species
0,50,CalibRun,../EXTENT/ext_NECN_EXTENT10_CLIMATE.txt,../EXTENT/ext_SCRAPPLE_EXTENT.txt,NA,NA,../Shared_inputs/SPECIES.txt
1,100,GrowOut,../EXTENT/ext_NECN_EXTENT10_CLIMATE.txt,NA,NA,NA,../Shared_inputs/SPECIES.txt
2,100,BAU_Wildfire,../EXTENT/ext_NECN_EXTENT10_CLIMATE.txt,../EXTENT/ext_SCRAPPLE_EXTENT.txt,NA,NA,../Shared_inputs/SPECIES.txt
3,100,Rx_only,../EXTENT/ext_NECN_EXTENT10_CLIMATE.txt,../EXTENT/ext_SCRAPPLE_Rx_EXTENT.txt,../Shared_inputs/ext_BiomassHarvest_null.txt,../Shared_inputs/ext_magic_harvest_Rx_only.txt,../Shared_inputs/SPECIES.txt
4,100,Thin_2pct,../EXTENT/ext_NECN_EXTENT10_CLIMATE.txt,../EXTENT/ext_SCRAPPLE_EXTENT.txt,../Shared_inputs/ext_BiomassHarvest_mh.txt,../Shared_inputs/ext_magic_harvest_thin_low.txt,../Shared_inputs/SPECIES.txt
5,100,Thin_5pct,../EXTENT/ext_NECN_EXTENT10_CLIMATE.txt,../EXTENT/ext_SCRAPPLE_EXTENT.txt,../Shared_inputs/ext_BiomassHarvest_mh.txt,../Shared_inputs/ext_magic_harvest_thin_high.txt,../Shared_inputs/SPECIES.txt
6,100,Thin_Rx_2pct,../EXTENT/ext_NECN_EXTENT10_CLIMATE.txt,../EXTENT/ext_SCRAPPLE_Rx_EXTENT.txt,../Shared_inputs/ext_BiomassHarvest_mh.txt,../Shared_inputs/ext_magic_harvest_thin_low.txt,../Shared_inputs/SPECIES.txt
7,100,Thin_Rx_5pct,../EXTENT/ext_NECN_EXTENT10_CLIMATE.txt,../EXTENT/ext_SCRAPPLE_Rx_EXTENT.txt,../Shared_inputs/ext_BiomassHarvest_mh.txt,../Shared_inputs/ext_magic_harvest_thin_high.txt,../Shared_inputs/SPECIES.txt
8,100,Thin_Rx_Wrx_2pct,../EXTENT/ext_NECN_EXTENT10_CLIMATE.txt,../EXTENT/ext_SCRAPPLE_Rx_EXTENT.txt,../Shared_inputs/ext_BiomassHarvest_mh.txt,../Shared_inputs/ext_magic_harvest_thin_wRx_low.txt,../Shared_inputs/SPECIES.txt
9,100,Thin_Rx_Wrx_5pct,../EXTENT/ext_NECN_EXTENT10_CLIMATE.txt,../EXTENT/ext_SCRAPPLE_Rx_EXTENT.txt,../Shared_inputs/ext_BiomassHarvest_mh.txt,../Shared_inputs/ext_magic_harvest_thin_wRx_high.txt,../Shared_inputs/SPECIES.txt
10,100,Thin_Rx_WFU_5pct,../EXTENT/ext_NECN_EXTENT10_CLIMATE.txt,../EXTENT/ext_SCRAPPLE_WFU_EXTENT.txt,../Shared_inputs/ext_BiomassHarvest_mh.txt,../Shared_inputs/ext_magic_harvest_thin_high.txt,../Shared_inputs/SPECIES.txt
11,50,Lanzatech,../EXTENT/ext_NECN_EXTENT10_CLIMATE.txt,../EXTENT/ext_SCRAPPLE_Rx_EXTENT.txt,../Shared_inputs/ext_BiomassHarvest_mh.txt,../Shared_inputs/ext_magic_harvest_thin_high.txt,../Shared_inputs/SPECIES.txt
51,5,GrowOut5Year,../EXTENT/ext_NECN_EXTENT10_CLIMATE.txt,NA,NA,NA,../Shared_inputs/SPECIES.txt
99,500,Longterm,../EXTENT/ext_NECN_EXTENT10_CLIMATE.txt,../EXTENT/ext_SCRAPPLE_NoSupp_EXTENT.txt,NA,NA,../Shared_inputs/SPECIES.txt
